{"cameraMode":{"drawMode":0,"name":"Shaded","section":"Shading Mode"},"sceneLighting":false,"audioPlay":false,"sceneViewState":{"showFog":true,"showMaterialUpdate":false,"showSkybox":false,"showFlares":true,"showImageEffects":true,"showParticleSystems":true},"in2DMode":false,"pivot":{"x":-139.27645874023438,"y":6.260923862457275,"z":177.1917724609375},"rotation":{"x":0.5034424066543579,"y":0.49654442071914675,"z":-0.5025390386581421,"w":0.49743738770484927},"size":171.77056884765626,"orthographic":true}