{"cameraMode":{"drawMode":0,"name":"Shaded","section":"Shading Mode"},"sceneLighting":false,"audioPlay":false,"sceneViewState":{"showFog":true,"showMaterialUpdate":false,"showSkybox":false,"showFlares":true,"showImageEffects":true,"showParticleSystems":true},"in2DMode":false,"pivot":{"x":-0.14419925212860108,"y":0.6398732662200928,"z":0.0},"rotation":{"x":0.5034424066543579,"y":0.49654442071914675,"z":-0.5025390386581421,"w":0.49743738770484927},"size":4.594663619995117,"orthographic":true}