{"cameraMode":{"drawMode":0,"name":"Shaded","section":"Shading Mode"},"sceneLighting":false,"audioPlay":false,"sceneViewState":{"showFog":true,"showMaterialUpdate":false,"showSkybox":false,"showFlares":true,"showImageEffects":true,"showParticleSystems":true},"in2DMode":false,"pivot":{"x":-36.0,"y":0.5871849060058594,"z":104.40245056152344},"rotation":{"x":0.5034424066543579,"y":0.49654442071914675,"z":-0.5025390386581421,"w":0.49743738770484927},"size":231.5813446044922,"orthographic":true}