{"cameraMode":{"drawMode":0,"name":"Shaded","section":"Shading Mode"},"sceneLighting":false,"audioPlay":false,"sceneViewState":{"showFog":true,"showMaterialUpdate":false,"showSkybox":false,"showFlares":true,"showImageEffects":true,"showParticleSystems":true},"in2DMode":false,"pivot":{"x":-159.09266662597657,"y":7.07999849319458,"z":110.16072082519531},"rotation":{"x":0.5034424066543579,"y":0.49654442071914675,"z":-0.5025390386581421,"w":0.49743738770484927},"size":155.1390380859375,"orthographic":true}