{"cameraMode":{"drawMode":0,"name":"Shaded","section":"Shading Mode"},"sceneLighting":true,"audioPlay":false,"sceneViewState":{"showFog":true,"showMaterialUpdate":false,"showSkybox":false,"showFlares":true,"showImageEffects":true,"showParticleSystems":true},"in2DMode":false,"pivot":{"x":-65.63949584960938,"y":5.125000953674316,"z":19.82468605041504},"rotation":{"x":0.5034424066543579,"y":0.49654442071914675,"z":-0.5025390386581421,"w":0.49743738770484927},"size":158.7552947998047,"orthographic":true}