{"cameraMode":{"drawMode":0,"name":"Shaded","section":"Shading Mode"},"sceneLighting":false,"audioPlay":false,"sceneViewState":{"showFog":true,"showMaterialUpdate":true,"showSkybox":false,"showFlares":true,"showImageEffects":true,"showParticleSystems":true},"in2DMode":false,"pivot":{"x":-0.14419925212860108,"y":0.6398732662200928,"z":0.0},"rotation":{"x":-0.34296292066574099,"y":-0.12572097778320313,"z":0.046377114951610568,"w":-0.9297418594360352},"size":4.594663619995117,"orthographic":false}