{"cameraMode":{"drawMode":0,"name":"Shaded","section":"Shading Mode"},"sceneLighting":false,"audioPlay":false,"sceneViewState":{"showFog":true,"showMaterialUpdate":true,"showSkybox":false,"showFlares":true,"showImageEffects":true,"showParticleSystems":true},"in2DMode":false,"pivot":{"x":-72.49065399169922,"y":3.462857246398926,"z":-15.502199172973633},"rotation":{"x":0.004176309332251549,"y":0.7745776176452637,"z":0.005115153733640909,"w":-0.6324443817138672},"size":106.63145446777344,"orthographic":false}