{"cameraMode":{"drawMode":0,"name":"Shaded","section":"Shading Mode"},"sceneLighting":false,"audioPlay":false,"sceneViewState":{"showFog":true,"showMaterialUpdate":true,"showSkybox":false,"showFlares":true,"showImageEffects":true,"showParticleSystems":true},"in2DMode":false,"pivot":{"x":-2.5246944427490236,"y":0.38944578170776369,"z":-24.110580444335939},"rotation":{"x":-0.17749181389808656,"y":0.10135118663311005,"z":-0.018380140885710717,"w":-0.9787169098854065},"size":6.4857330322265629,"orthographic":false}