{"cameraMode":{"drawMode":0,"name":"Shaded","section":"Shading Mode"},"sceneLighting":false,"audioPlay":false,"sceneViewState":{"showFog":true,"showMaterialUpdate":true,"showSkybox":false,"showFlares":true,"showImageEffects":true,"showParticleSystems":true},"in2DMode":false,"pivot":{"x":-18.155290603637697,"y":-25.616226196289064,"z":16.007308959960939},"rotation":{"x":0.0118784848600626,"y":-0.7451251149177551,"z":0.6666868329048157,"w":0.01327540259808302},"size":136.1013641357422,"orthographic":false}