{"cameraMode":{"drawMode":0,"name":"Shaded","section":"Shading Mode"},"sceneLighting":false,"audioPlay":false,"sceneViewState":{"showFog":true,"showMaterialUpdate":true,"showSkybox":false,"showFlares":true,"showImageEffects":true,"showParticleSystems":true},"in2DMode":false,"pivot":{"x":-1.4478349685668946,"y":2.9949188232421877,"z":0.24043618142604829},"rotation":{"x":-0.4729997515678406,"y":-0.5245789289474487,"z":0.5341071486473084,"w":-0.46456193923950198},"size":9.838326454162598,"orthographic":false}