{"cameraMode":{"drawMode":0,"name":"Shaded","section":"Shading Mode"},"sceneLighting":false,"audioPlay":false,"sceneViewState":{"showFog":true,"showMaterialUpdate":true,"showSkybox":false,"showFlares":true,"showImageEffects":true,"showParticleSystems":true},"in2DMode":false,"pivot":{"x":-3.7609806060791017,"y":5.1304931640625,"z":8.543525695800782},"rotation":{"x":0.25210297107696535,"y":-0.7399175763130188,"z":0.37343233823776247,"w":0.49951422214508059},"size":60.082298278808597,"orthographic":false}