{"cameraMode":{"drawMode":0,"name":"Shaded","section":"Shading Mode"},"sceneLighting":true,"audioPlay":false,"sceneViewState":{"showFog":true,"showMaterialUpdate":true,"showSkybox":false,"showFlares":true,"showImageEffects":true,"showParticleSystems":true},"in2DMode":false,"pivot":{"x":8.548649787902832,"y":-90.09002685546875,"z":9.192924499511719},"rotation":{"x":0.47591254115104678,"y":0.5240166187286377,"z":-0.4934806823730469,"w":0.5053619742393494},"size":175.42930603027345,"orthographic":false}