{"cameraMode":{"drawMode":0,"name":"Shaded","section":"Shading Mode"},"sceneLighting":true,"audioPlay":false,"sceneViewState":{"showFog":true,"showMaterialUpdate":true,"showSkybox":false,"showFlares":true,"showImageEffects":true,"showParticleSystems":true},"in2DMode":false,"pivot":{"x":6.901349067687988,"y":-4.497374534606934,"z":30.578327178955079},"rotation":{"x":0.13075043261051179,"y":0.06342311203479767,"z":-0.008382083848118782,"w":0.9893490672111511},"size":70.23789978027344,"orthographic":false}