{"cameraMode":{"drawMode":0,"name":"Shaded","section":"Shading Mode"},"sceneLighting":false,"audioPlay":false,"sceneViewState":{"showFog":true,"showMaterialUpdate":true,"showSkybox":false,"showFlares":true,"showImageEffects":true,"showParticleSystems":true},"in2DMode":false,"pivot":{"x":17.354137420654298,"y":-12.888771057128907,"z":23.81643295288086},"rotation":{"x":0.5211755633354187,"y":0.020068012177944185,"z":-0.01225986797362566,"w":0.8531254529953003},"size":132.54495239257813,"orthographic":false}