{"cameraMode":{"drawMode":0,"name":"Shaded","section":"Shading Mode"},"sceneLighting":false,"audioPlay":false,"sceneViewState":{"showFog":true,"showMaterialUpdate":true,"showSkybox":false,"showFlares":true,"showImageEffects":true,"showParticleSystems":true},"in2DMode":false,"pivot":{"x":3.8133010864257814,"y":0.5074920654296875,"z":5.831235885620117},"rotation":{"x":0.33649972081184389,"y":0.6634950637817383,"z":-0.4740721881389618,"w":0.47095417976379397},"size":81.56610870361328,"orthographic":false}