{"cameraMode":{"drawMode":0,"name":"Shaded","section":"Shading Mode"},"sceneLighting":false,"audioPlay":false,"sceneViewState":{"showFog":true,"showMaterialUpdate":true,"showSkybox":false,"showFlares":true,"showImageEffects":true,"showParticleSystems":true},"in2DMode":false,"pivot":{"x":1.4995803833007813,"y":-0.8273627758026123,"z":7.2426958084106449},"rotation":{"x":-0.12042798846960068,"y":-0.052991412580013278,"z":0.006438857410103083,"w":-0.9912858605384827},"size":16.04513931274414,"orthographic":false}