{"cameraMode":{"drawMode":0,"name":"Shaded","section":"Shading Mode"},"sceneLighting":true,"audioPlay":false,"sceneViewState":{"showFog":true,"showMaterialUpdate":true,"showSkybox":false,"showFlares":true,"showImageEffects":true,"showParticleSystems":true},"in2DMode":false,"pivot":{"x":57.02906036376953,"y":-9.333992958068848,"z":7.437435150146484},"rotation":{"x":-0.102143295109272,"y":-0.40151113271713259,"z":0.045115914195775989,"w":-0.9090215563774109},"size":85.53229522705078,"orthographic":false}