{"cameraMode":{"drawMode":0,"name":"Shaded","section":"Shading Mode"},"sceneLighting":false,"audioPlay":false,"sceneViewState":{"showFog":true,"showMaterialUpdate":true,"showSkybox":false,"showFlares":true,"showImageEffects":true,"showParticleSystems":true},"in2DMode":false,"pivot":{"x":-40.03318786621094,"y":-2.9183197021484377,"z":123.69075012207031},"rotation":{"x":0.21307061612606049,"y":-0.20912881195545197,"z":0.046745169907808307,"w":0.9532475471496582},"size":19.09037208557129,"orthographic":false}