{"cameraMode":{"drawMode":0,"name":"Shaded","section":"Shading Mode"},"sceneLighting":false,"audioPlay":false,"sceneViewState":{"showFog":true,"showMaterialUpdate":true,"showSkybox":false,"showFlares":true,"showImageEffects":true,"showParticleSystems":true},"in2DMode":false,"pivot":{"x":-6.549258232116699,"y":-3.8377158641815187,"z":-0.37204229831695559},"rotation":{"x":0.1884215623140335,"y":-0.6807777881622315,"z":0.1879643201828003,"w":0.6824283599853516},"size":12.372148513793946,"orthographic":false}