{"cameraMode":{"drawMode":0,"name":"Shaded","section":"Shading Mode"},"sceneLighting":false,"audioPlay":false,"sceneViewState":{"showFog":true,"showMaterialUpdate":true,"showSkybox":false,"showFlares":true,"showImageEffects":true,"showParticleSystems":true},"in2DMode":false,"pivot":{"x":-37.35041809082031,"y":-1.0087552070617676,"z":119.54488372802735},"rotation":{"x":-0.23709994554519654,"y":0.18427453935146333,"z":-0.04585840553045273,"w":-0.952745258808136},"size":10.568071365356446,"orthographic":false}