{"cameraMode":{"drawMode":0,"name":"Shaded","section":"Shading Mode"},"sceneLighting":false,"audioPlay":false,"sceneViewState":{"showFog":true,"showMaterialUpdate":true,"showSkybox":false,"showFlares":true,"showImageEffects":true,"showParticleSystems":true},"in2DMode":false,"pivot":{"x":-5.566375732421875,"y":2.1185495853424074,"z":6.247811794281006},"rotation":{"x":-0.10494761168956757,"y":0.3528358042240143,"z":-0.03986246511340141,"w":-0.9289262294769287},"size":15.030632019042969,"orthographic":false}