{"cameraMode":{"drawMode":0,"name":"Shaded","section":"Shading Mode"},"sceneLighting":false,"audioPlay":false,"sceneViewState":{"showFog":true,"showMaterialUpdate":true,"showSkybox":false,"showFlares":true,"showImageEffects":true,"showParticleSystems":true},"in2DMode":false,"pivot":{"x":-3.268230438232422,"y":0.7143305540084839,"z":-1.7881393432617188e-7},"rotation":{"x":0.07786046713590622,"y":0.8816320896148682,"z":-0.43833479285240176,"w":0.15660566091537476},"size":6.027796745300293,"orthographic":false}