{"cameraMode":{"drawMode":0,"name":"Shaded","section":"Shading Mode"},"sceneLighting":false,"audioPlay":false,"sceneViewState":{"showFog":true,"showMaterialUpdate":true,"showSkybox":false,"showFlares":true,"showImageEffects":true,"showParticleSystems":true},"in2DMode":false,"pivot":{"x":0.22685718536376954,"y":-64.71723937988281,"z":-0.9966793060302734},"rotation":{"x":0.25320112705230715,"y":-0.6701487302780151,"z":0.6464455127716065,"w":0.26248475909233096},"size":167.96096801757813,"orthographic":false}