{"cameraMode":{"drawMode":0,"name":"Shaded","section":"Shading Mode"},"sceneLighting":false,"audioPlay":false,"sceneViewState":{"showFog":true,"showMaterialUpdate":true,"showSkybox":false,"showFlares":true,"showImageEffects":true,"showParticleSystems":true},"in2DMode":false,"pivot":{"x":8.292734146118164,"y":-0.15606069564819337,"z":-2.149818181991577},"rotation":{"x":-0.0005908384919166565,"y":-0.7502275705337524,"z":0.0006719556986354291,"w":-0.6611790657043457},"size":15.84451961517334,"orthographic":false}