{"cameraMode":{"drawMode":0,"name":"Shaded","section":"Shading Mode"},"sceneLighting":false,"audioPlay":false,"sceneViewState":{"showFog":true,"showMaterialUpdate":true,"showSkybox":false,"showFlares":true,"showImageEffects":true,"showParticleSystems":true},"in2DMode":false,"pivot":{"x":0.1415567398071289,"y":-0.43028688430786135,"z":-1.0587198734283448},"rotation":{"x":-0.2934417128562927,"y":-0.6547465324401856,"z":0.3073686957359314,"w":-0.6250787973403931},"size":10.947330474853516,"orthographic":false}