{"cameraMode":{"drawMode":0,"name":"Shaded","section":"Shading Mode"},"sceneLighting":false,"audioPlay":false,"sceneViewState":{"showFog":true,"showMaterialUpdate":true,"showSkybox":false,"showFlares":true,"showImageEffects":true,"showParticleSystems":true},"in2DMode":false,"pivot":{"x":-1.9958667755126954,"y":-12.856319427490235,"z":0.8933925628662109},"rotation":{"x":-0.24213053286075593,"y":0.7382973432540894,"z":-0.5325532555580139,"w":-0.335673987865448},"size":95.8986587524414,"orthographic":false}