{"cameraMode":{"drawMode":0,"name":"Shaded","section":"Shading Mode"},"sceneLighting":false,"audioPlay":false,"sceneViewState":{"showFog":true,"showMaterialUpdate":true,"showSkybox":false,"showFlares":true,"showImageEffects":true,"showParticleSystems":true},"in2DMode":false,"pivot":{"x":-338.70001220703127,"y":453.8999938964844,"z":0.0},"rotation":{"x":0.05936377868056297,"y":0.017136123031377794,"z":-0.001019200892187655,"w":0.9980888962745667},"size":74.67047119140625,"orthographic":false}