{"cameraMode":{"drawMode":0,"name":"Shaded","section":"Shading Mode"},"sceneLighting":false,"audioPlay":false,"sceneViewState":{"showFog":true,"showMaterialUpdate":true,"showSkybox":false,"showFlares":true,"showImageEffects":true,"showParticleSystems":true},"in2DMode":false,"pivot":{"x":-2.3769280910491945,"y":0.9654781818389893,"z":1.5015830993652344},"rotation":{"x":0.0038342312909662725,"y":0.9734393954277039,"z":-0.22832795977592469,"w":0.016352877020835878},"size":5.914276599884033,"orthographic":false}