{"cameraMode":{"drawMode":0,"name":"Shaded","section":"Shading Mode"},"sceneLighting":false,"audioPlay":false,"sceneViewState":{"showFog":true,"showMaterialUpdate":true,"showSkybox":false,"showFlares":true,"showImageEffects":true,"showParticleSystems":true},"in2DMode":false,"pivot":{"x":-4.958225727081299,"y":-14.684150695800782,"z":-3.9187965393066408},"rotation":{"x":-0.03482058644294739,"y":-0.8139120936393738,"z":0.5778660774230957,"w":-0.04904486984014511},"size":77.28347778320313,"orthographic":false}