{"cameraMode":{"drawMode":0,"name":"Shaded","section":"Shading Mode"},"sceneLighting":false,"audioPlay":false,"sceneViewState":{"showFog":true,"showMaterialUpdate":true,"showSkybox":false,"showFlares":true,"showImageEffects":true,"showParticleSystems":true},"in2DMode":false,"pivot":{"x":-3.544475555419922,"y":-0.6217803955078125,"z":-20.258878707885743},"rotation":{"x":-0.16907133162021638,"y":0.19635391235351563,"z":-0.034393370151519778,"w":-0.9652342200279236},"size":10.766695976257325,"orthographic":false}