{"cameraMode":{"drawMode":0,"name":"Shaded","section":"Shading Mode"},"sceneLighting":false,"audioPlay":false,"sceneViewState":{"showFog":true,"showMaterialUpdate":false,"showSkybox":false,"showFlares":true,"showImageEffects":true,"showParticleSystems":true},"in2DMode":false,"pivot":{"x":-1.3300000429153443,"y":0.0,"z":0.03850001096725464},"rotation":{"x":-0.04538712650537491,"y":0.9398761987686157,"z":-0.13802286982536317,"w":-0.30906715989112856},"size":6.5076823234558109,"orthographic":false}