{"cameraMode":{"drawMode":0,"name":"Shaded","section":"Shading Mode"},"sceneLighting":false,"audioPlay":false,"sceneViewState":{"showFog":true,"showMaterialUpdate":false,"showSkybox":false,"showFlares":true,"showImageEffects":true,"showParticleSystems":true},"in2DMode":false,"pivot":{"x":-49.59526062011719,"y":9.318488121032715,"z":59.71785354614258},"rotation":{"x":0.09560265392065048,"y":0.8941770195960999,"z":-0.22964856028556825,"w":0.37224873900413515},"size":16.689367294311525,"orthographic":false}