{"cameraMode":{"drawMode":0,"name":"Shaded","section":"Shading Mode"},"sceneLighting":false,"audioPlay":false,"sceneViewState":{"showFog":true,"showMaterialUpdate":false,"showSkybox":false,"showFlares":true,"showImageEffects":true,"showParticleSystems":true},"in2DMode":false,"pivot":{"x":-1.248651146888733,"y":-0.4411909580230713,"z":-23.695648193359376},"rotation":{"x":0.3091902732849121,"y":-0.10895123332738877,"z":0.03568263351917267,"w":0.9440645575523377},"size":6.635236740112305,"orthographic":false}