{"cameraMode":{"drawMode":0,"name":"Shaded","section":"Shading Mode"},"sceneLighting":true,"audioPlay":false,"sceneViewState":{"showFog":true,"showMaterialUpdate":true,"showSkybox":false,"showFlares":true,"showImageEffects":true,"showParticleSystems":true},"in2DMode":false,"pivot":{"x":-33.37477493286133,"y":16.381656646728517,"z":6.095087051391602},"rotation":{"x":-0.011389501392841339,"y":-0.7458555698394775,"z":-0.012757894583046437,"w":0.6658881306648254},"size":68.6312255859375,"orthographic":false}