{"cameraMode":{"drawMode":0,"name":"Shaded","section":"Shading Mode"},"sceneLighting":true,"audioPlay":false,"sceneViewState":{"showFog":true,"showMaterialUpdate":true,"showSkybox":false,"showFlares":true,"showImageEffects":true,"showParticleSystems":true},"in2DMode":false,"pivot":{"x":-1.5324606895446778,"y":-67.18819427490235,"z":46.544254302978519},"rotation":{"x":0.4397810399532318,"y":0.011691408231854439,"z":-0.005725759547203779,"w":0.8980106711387634},"size":141.42633056640626,"orthographic":false}