{"cameraMode":{"drawMode":0,"name":"Shaded","section":"Shading Mode"},"sceneLighting":false,"audioPlay":false,"sceneViewState":{"showFog":true,"showMaterialUpdate":false,"showSkybox":false,"showFlares":true,"showImageEffects":true,"showParticleSystems":true},"in2DMode":false,"pivot":{"x":-58.62933349609375,"y":-106.08660888671875,"z":112.81758880615235},"rotation":{"x":0.3771960437297821,"y":-0.5958905816078186,"z":0.3726743459701538,"w":0.6031180620193481},"size":27.168743133544923,"orthographic":false}