{"cameraMode":{"drawMode":0,"name":"Shaded","section":"Shading Mode"},"sceneLighting":false,"audioPlay":false,"sceneViewState":{"showFog":true,"showMaterialUpdate":true,"showSkybox":false,"showFlares":true,"showImageEffects":true,"showParticleSystems":true},"in2DMode":false,"pivot":{"x":-0.8574533462524414,"y":1.415112853050232,"z":-26.217344284057618},"rotation":{"x":-0.10635658353567124,"y":-0.6692745089530945,"z":0.09766314923763275,"w":-0.7288497090339661},"size":5.760002613067627,"orthographic":false}