{"cameraMode":{"drawMode":0,"name":"Shaded","section":"Shading Mode"},"sceneLighting":false,"audioPlay":false,"sceneViewState":{"showFog":true,"showMaterialUpdate":true,"showSkybox":false,"showFlares":true,"showImageEffects":true,"showParticleSystems":true},"in2DMode":false,"pivot":{"x":-172.27330017089845,"y":17.4779052734375,"z":54.57830810546875},"rotation":{"x":-0.03243306651711464,"y":-0.8462521433830261,"z":0.529259979724884,"w":-0.05185845121741295},"size":294.19635009765627,"orthographic":false}