{"cameraMode":{"drawMode":0,"name":"Shaded","section":"Shading Mode"},"sceneLighting":false,"audioPlay":false,"sceneViewState":{"showFog":true,"showMaterialUpdate":true,"showSkybox":false,"showFlares":true,"showImageEffects":true,"showParticleSystems":true},"in2DMode":false,"pivot":{"x":0.17747735977172852,"y":5.5780029296875,"z":4.833245754241943},"rotation":{"x":0.456914484500885,"y":0.539442241191864,"z":-0.4556552767753601,"w":0.5409340262413025},"size":44.06089782714844,"orthographic":false}