{"cameraMode":{"drawMode":0,"name":"Shaded","section":"Shading Mode"},"sceneLighting":false,"audioPlay":false,"sceneViewState":{"showFog":true,"showMaterialUpdate":true,"showSkybox":false,"showFlares":true,"showImageEffects":true,"showParticleSystems":true},"in2DMode":false,"pivot":{"x":-1.2307360172271729,"y":-1.0664646625518799,"z":0.1316843032836914},"rotation":{"x":-0.18994440138339997,"y":0.05356990918517113,"z":-0.010378921404480935,"w":-0.9802773594856262},"size":6.266574382781982,"orthographic":false}