{"cameraMode":{"drawMode":0,"name":"Shaded","section":"Shading Mode"},"sceneLighting":true,"audioPlay":false,"sceneViewState":{"showFog":true,"showMaterialUpdate":true,"showSkybox":true,"showFlares":true,"showImageEffects":true,"showParticleSystems":true},"in2DMode":false,"pivot":{"x":-47.15576171875,"y":-70.52784729003906,"z":116.7349853515625},"rotation":{"x":0.23589502274990083,"y":0.6301943063735962,"z":-0.20954318344593049,"w":0.7094367146492004},"size":272.9872741699219,"orthographic":false}