{"cameraMode":{"drawMode":0,"name":"Shaded","section":"Shading Mode"},"sceneLighting":false,"audioPlay":false,"sceneViewState":{"showFog":true,"showMaterialUpdate":true,"showSkybox":false,"showFlares":true,"showImageEffects":true,"showParticleSystems":true},"in2DMode":false,"pivot":{"x":-39.63507843017578,"y":-4.295213222503662,"z":126.08631134033203},"rotation":{"x":-0.23225469887256623,"y":0.1647724062204361,"z":-0.039956603199243548,"w":-0.957763671875},"size":18.09123992919922,"orthographic":false}