{"cameraMode":{"drawMode":0,"name":"Shaded","section":"Shading Mode"},"sceneLighting":false,"audioPlay":false,"sceneViewState":{"showFog":true,"showMaterialUpdate":true,"showSkybox":false,"showFlares":true,"showImageEffects":true,"showParticleSystems":true},"in2DMode":false,"pivot":{"x":2.053182601928711,"y":0.4203568696975708,"z":-26.336484909057618},"rotation":{"x":-0.08941000699996948,"y":-0.7020626068115234,"z":0.0895739495754242,"w":-0.7007785439491272},"size":7.9613189697265629,"orthographic":false}