{"cameraMode":{"drawMode":0,"name":"Shaded","section":"Shading Mode"},"sceneLighting":false,"audioPlay":false,"sceneViewState":{"showFog":true,"showMaterialUpdate":true,"showSkybox":false,"showFlares":true,"showImageEffects":true,"showParticleSystems":true},"in2DMode":false,"pivot":{"x":-4.3939208984375,"y":-2.347339630126953,"z":-12.267053604125977},"rotation":{"x":0.0007023360230959952,"y":-0.8454452157020569,"z":0.5340606570243836,"w":0.0011115499073639513},"size":65.94752502441406,"orthographic":false}