{"cameraMode":{"drawMode":0,"name":"Shaded","section":"Shading Mode"},"sceneLighting":false,"audioPlay":false,"sceneViewState":{"showFog":true,"showMaterialUpdate":true,"showSkybox":false,"showFlares":true,"showImageEffects":true,"showParticleSystems":true},"in2DMode":false,"pivot":{"x":3.23396372795105,"y":8.035247802734375,"z":-1.8461177349090577},"rotation":{"x":0.4917033314704895,"y":-0.5077871084213257,"z":0.4839787781238556,"w":0.5158920884132385},"size":66.70087432861328,"orthographic":false}