{"cameraMode":{"drawMode":0,"name":"Shaded","section":"Shading Mode"},"sceneLighting":false,"audioPlay":false,"sceneViewState":{"showFog":true,"showMaterialUpdate":true,"showSkybox":false,"showFlares":true,"showImageEffects":true,"showParticleSystems":true},"in2DMode":false,"pivot":{"x":-37.54310607910156,"y":-1.5079460144042969,"z":120.49685668945313},"rotation":{"x":0.25345760583877566,"y":-0.15074101090431214,"z":0.04001966491341591,"w":0.9546909928321838},"size":11.765036582946778,"orthographic":false}