{"cameraMode":{"drawMode":0,"name":"Shaded","section":"Shading Mode"},"sceneLighting":true,"audioPlay":false,"sceneViewState":{"showFog":true,"showMaterialUpdate":true,"showSkybox":false,"showFlares":true,"showImageEffects":true,"showParticleSystems":true},"in2DMode":false,"pivot":{"x":-1.4329829216003419,"y":1.7610881328582764,"z":-0.6506357192993164},"rotation":{"x":-0.012454195879399777,"y":-0.9809621572494507,"z":0.06721094250679016,"w":-0.18177153170108796},"size":16.567737579345704,"orthographic":false}