{"cameraMode":{"drawMode":0,"name":"Shaded","section":"Shading Mode"},"sceneLighting":false,"audioPlay":false,"sceneViewState":{"showFog":true,"showMaterialUpdate":true,"showSkybox":false,"showFlares":true,"showImageEffects":true,"showParticleSystems":true},"in2DMode":false,"pivot":{"x":2.1304330825805666,"y":-25.350120544433595,"z":13.010139465332032},"rotation":{"x":0.5558504462242127,"y":-0.16835303604602815,"z":0.11614178121089935,"w":0.8057286739349365},"size":91.04350280761719,"orthographic":false}