{"cameraMode":{"drawMode":0,"name":"Shaded","section":"Shading Mode"},"sceneLighting":false,"audioPlay":false,"sceneViewState":{"showFog":true,"showMaterialUpdate":true,"showSkybox":false,"showFlares":true,"showImageEffects":true,"showParticleSystems":true},"in2DMode":false,"pivot":{"x":-34.97392272949219,"y":2.782442092895508,"z":-2.9599924087524416},"rotation":{"x":0.1088951900601387,"y":0.5774224400520325,"z":-0.0780738815665245,"w":0.8053755164146423},"size":41.07471466064453,"orthographic":false}