{"cameraMode":{"drawMode":0,"name":"Shaded","section":"Shading Mode"},"sceneLighting":false,"audioPlay":false,"sceneViewState":{"showFog":true,"showMaterialUpdate":true,"showSkybox":false,"showFlares":true,"showImageEffects":true,"showParticleSystems":true},"in2DMode":false,"pivot":{"x":-0.9936519265174866,"y":3.725290298461914e-8,"z":-1.1920928955078126e-7},"rotation":{"x":-0.1959291398525238,"y":0.8016712069511414,"z":-0.36320313811302187,"w":-0.4324563443660736},"size":4.75707483291626,"orthographic":false}